LSTM_blocks,learning_rate,regularizer,droput,optimizer,batch size,train_loss,val_loss,train_accuracy,val_accuracy,test_loss,test_accuracy
20,1e-05,0.7,0.5,Adam,5000,48.258399963378906,48.159122467041016,0.5172255039215088,0.5105111002922058,50.8751,50.75%
20,0.001,0.7,0.5,Adam,1000,0.7347397804260254,0.7359697818756104,0.5007659196853638,0.4894888997077942,0.7345,50.75%
20,0.0005,0.7,0.6,Adam,1000,0.713158130645752,0.7144688963890076,0.4974155128002167,0.5105111002922058,10.9963,50.75%
20,0.0005,0.7,0.6,Adam,1000,0.7135261297225952,0.71293044090271,0.4867725670337677,0.4894888997077942,6.8036,50.75%
20,0.005,0.0,0.5,Adam,128,0.6931070685386658,0.6929128766059875,0.5104537606239319,0.509746253490448,0.6931,50.83%
20,0.005,0.0,0.5,Adam,128,0.3583942353725433,0.3706064522266388,0.8426778316497803,0.8339555263519287,0.3891,82.46%
20,0.005,0.0,0.5,Adam,128,0.34977954626083374,0.38150888681411743,0.8461592793464661,0.8288000226020813,0.3932,82.02%
