GRU_blocks,learning_rate,regularizer,droput,optimizer,batch size,weight_decay,train_loss,val_loss,train_accuracy,val_accuracy,test_loss,test_accuracy
20,5e-05,0.7,0.5,Adam,1000,1e-07,1.1570966243743896,1.008948802947998,0.5023061633110046,0.503933310508728,8.7764,75.86%
20,0.001,0.0,0.5,Adam,128,1e-07,0.16530953347682953,0.21605123579502106,0.9326991438865662,0.9104222059249878,0.2130,90.98%
