GRU_blocks,learning_rate,regularizer,droput,optimizer,batch size,weight_decay,train_loss,val_loss,train_accuracy,val_accuracy,test_loss,test_accuracy
20,5e-05,0.7,0.5,Adam,1000,1e-07,0.7026416063308716,0.6947651505470276,0.4999911189079284,0.511044442653656,3.1208,68.34%
20,0.001,0.0,0.5,Adam,128,1e-07,0.28470349311828613,0.31705349683761597,0.8789737224578857,0.8629111051559448,0.3304,85.60%
